"","p.agree","efficacy","conditional","idx"
"1",0.666666666666667,0.333333333333333,0.5,104
