"","p.agree","efficacy","conditional","idx"
"1",0.666666666666667,0.666666666666667,0.666666666666667,119
