"","p.agree","efficacy","conditional","idx"
"1",0.841269841269841,0.619047619047619,0.795918367346939,100
