"","p.agree","efficacy","conditional","idx"
"1",0.920634920634921,0.603174603174603,0.883720930232558,105
