"","p.agree","efficacy","conditional","idx"
"1",0.968253968253968,0.0952380952380952,0.75,108
