"","p.agree","efficacy","conditional","idx"
"1",0.952380952380952,0.428571428571429,0.9,109
