"","p.agree","efficacy","conditional","idx"
"1",0.936507936507937,0.634920634920635,0.909090909090909,110
