"","p.agree","efficacy","conditional","idx"
"1",0.984126984126984,0.142857142857143,0.9,113
