"","p.agree","efficacy","conditional","idx"
"1",0.936507936507937,0.444444444444444,0.875,114
