"","p.agree","efficacy","conditional","idx"
"1",0.920634920634921,0.206349206349206,0.722222222222222,118
