"","p.agree","efficacy","conditional","idx"
"1",0.920634920634921,0.285714285714286,0.782608695652174,119
