"","p.agree","efficacy","conditional","idx"
"1",0.952380952380952,0.174603174603175,0.785714285714286,123
