"","p.agree","efficacy","conditional","idx"
"1",0.920634920634921,0.365079365079365,0.821428571428571,124
