"","p.agree","efficacy","conditional","idx"
"1",0.873015873015873,0.619047619047619,0.829787234042553,125
