"","p.agree","efficacy","conditional","idx"
"1",0.984126984126984,0.444444444444444,0.96551724137931,129
