"","p.agree","efficacy","conditional","idx"
"1",0.968253968253968,0.238095238095238,0.882352941176471,133
