"","p.agree","efficacy","conditional","idx"
"1",0.952380952380952,0.53968253968254,0.918918918918919,134
