"","p.agree","efficacy","conditional","idx"
"1",0.920634920634921,0.634920634920635,0.888888888888889,135
