"","p.agree","efficacy","conditional","idx"
"1",0.968253968253968,0.0793650793650794,0.714285714285714,137
