"","p.agree","efficacy","conditional","idx"
"1",0.904761904761905,0.73015873015873,0.884615384615385,140
