"","p.agree","efficacy","conditional","idx"
"1",0.968253968253968,0.158730158730159,0.833333333333333,143
