"","p.agree","efficacy","conditional","idx"
"1",0.952380952380952,0.396825396825397,0.892857142857143,144
