"","p.agree","efficacy","conditional","idx"
"1",0.984126984126984,0.412698412698413,0.962962962962963,14
