"","p.agree","efficacy","conditional","idx"
"1",0.952380952380952,0.698412698412698,0.936170212765957,150
