"","p.agree","efficacy","conditional","idx"
"1",0.984126984126984,0.0317460317460317,0.666666666666667,151
