"","p.agree","efficacy","conditional","idx"
"1",0.984126984126984,0.0476190476190476,0.75,152
