"","p.agree","efficacy","conditional","idx"
"1",0.968253968253968,0.174603174603175,0.846153846153846,153
