"","p.agree","efficacy","conditional","idx"
"1",0.968253968253968,0.396825396825397,0.925925925925926,154
