"","p.agree","efficacy","conditional","idx"
"1",0.888888888888889,0.571428571428571,0.837209302325581,155
