"","p.agree","efficacy","conditional","idx"
"1",0.968253968253968,0.587301587301587,0.948717948717949,15
