"","p.agree","efficacy","conditional","idx"
"1",0.952380952380952,0.380952380952381,0.888888888888889,164
