"","p.agree","efficacy","conditional","idx"
"1",0.984126984126984,0.0634920634920635,0.8,167
