"","p.agree","efficacy","conditional","idx"
"1",0.888888888888889,0.682539682539683,0.86,170
