"","p.agree","efficacy","conditional","idx"
"1",0.920634920634921,0.317460317460317,0.8,174
