"","p.agree","efficacy","conditional","idx"
"1",0.968253968253968,0.603174603174603,0.95,175
