"","p.agree","efficacy","conditional","idx"
"1",0.920634920634921,0.126984126984127,0.615384615384615,178
