"","p.agree","efficacy","conditional","idx"
"1",0.936507936507937,0.333333333333333,0.84,179
