"","p.agree","efficacy","conditional","idx"
"1",0.920634920634921,0.650793650793651,0.891304347826087,180
