"","p.agree","efficacy","conditional","idx"
"1",0.968253968253968,0.46031746031746,0.935483870967742,184
