"","p.agree","efficacy","conditional","idx"
"1",0.904761904761905,0.492063492063492,0.837837837837838,189
