"","p.agree","efficacy","conditional","idx"
"1",0.984126984126984,0.174603174603175,0.916666666666667,18
