"","p.agree","efficacy","conditional","idx"
"1",0.968253968253968,0.682539682539683,0.955555555555556,190
