"","p.agree","efficacy","conditional","idx"
"1",0.952380952380952,0.301587301587302,0.863636363636364,194
