"","p.agree","efficacy","conditional","idx"
"1",0.952380952380952,0.714285714285714,0.9375,195
