"","p.agree","efficacy","conditional","idx"
"1",0.984126984126984,0.253968253968254,0.941176470588235,198
