"","p.agree","efficacy","conditional","idx"
"1",0.984126984126984,0.333333333333333,0.954545454545455,199
