"","p.agree","efficacy","conditional","idx"
"1",0.904761904761905,0.365079365079365,0.793103448275862,19
