"","p.agree","efficacy","conditional","idx"
"1",0.936507936507937,0.142857142857143,0.692307692307692,203
