"","p.agree","efficacy","conditional","idx"
"1",0.968253968253968,0.380952380952381,0.923076923076923,204
