"","p.agree","efficacy","conditional","idx"
"1",0.888888888888889,0.603174603174603,0.844444444444444,205
