"","p.agree","efficacy","conditional","idx"
"1",0.936507936507937,0.396825396825397,0.862068965517241,209
