"","p.agree","efficacy","conditional","idx"
"1",0.904761904761905,0.634920634920635,0.869565217391304,20
