"","p.agree","efficacy","conditional","idx"
"1",0.904761904761905,0.587301587301587,0.86046511627907,215
