"","p.agree","efficacy","conditional","idx"
"1",0.952380952380952,0.158730158730159,0.769230769230769,218
