"","p.agree","efficacy","conditional","idx"
"1",0.968253968253968,0.317460317460317,0.909090909090909,219
