"","p.agree","efficacy","conditional","idx"
"1",0.936507936507937,0.619047619047619,0.906976744186046,220
