"","p.agree","efficacy","conditional","idx"
"1",0.952380952380952,0.206349206349206,0.8125,223
