"","p.agree","efficacy","conditional","idx"
"1",0.936507936507937,0.380952380952381,0.857142857142857,224
