"","p.agree","efficacy","conditional","idx"
"1",0.984126984126984,0.285714285714286,0.947368421052632,228
