"","p.agree","efficacy","conditional","idx"
"1",0.968253968253968,0.444444444444444,0.933333333333333,229
