"","p.agree","efficacy","conditional","idx"
"1",0.952380952380952,0.603174603174603,0.926829268292683,230
