"","p.agree","efficacy","conditional","idx"
"1",0.984126984126984,0.111111111111111,0.875,238
