"","p.agree","efficacy","conditional","idx"
"1",0.968253968253968,0.412698412698413,0.928571428571429,239
