"","p.agree","efficacy","conditional","idx"
"1",0.968253968253968,0.666666666666667,0.954545454545455,245
