"","p.agree","efficacy","conditional","idx"
"1",0.984126984126984,0.0158730158730159,0.5,247
