"","p.agree","efficacy","conditional","idx"
"1",0.936507936507937,0.158730158730159,0.714285714285714,253
