"","p.agree","efficacy","conditional","idx"
"1",0.968253968253968,0.365079365079365,0.92,254
