"","p.agree","efficacy","conditional","idx"
"1",0.904761904761905,0.555555555555556,0.853658536585366,255
