"","p.agree","efficacy","conditional","idx"
"1",0.952380952380952,0.0952380952380952,0.666666666666667,258
