"","p.agree","efficacy","conditional","idx"
"1",0.952380952380952,0.507936507936508,0.914285714285714,259
