"","p.agree","efficacy","conditional","idx"
"1",0.936507936507937,0.698412698412698,0.916666666666667,25
