"","p.agree","efficacy","conditional","idx"
"1",0.952380952380952,0.0476190476190476,0.5,262
