"","p.agree","efficacy","conditional","idx"
"1",0.984126984126984,0.158730158730159,0.909090909090909,263
