"","p.agree","efficacy","conditional","idx"
"1",0.936507936507937,0.349206349206349,0.846153846153846,264
