"","p.agree","efficacy","conditional","idx"
"1",0.936507936507937,0.666666666666667,0.91304347826087,265
