"","p.agree","efficacy","conditional","idx"
"1",0.920634920634921,0.174603174603175,0.6875,273
