"","p.agree","efficacy","conditional","idx"
"1",0.936507936507937,0.412698412698413,0.866666666666667,274
