"","p.agree","efficacy","conditional","idx"
"1",0.952380952380952,0.0793650793650794,0.625,277
