"","p.agree","efficacy","conditional","idx"
"1",0.968253968253968,0.253968253968254,0.888888888888889,278
