"","p.agree","efficacy","conditional","idx"
"1",0.952380952380952,0.46031746031746,0.90625,279
