"","p.agree","efficacy","conditional","idx"
"1",0.873015873015873,0.476190476190476,0.789473684210526,280
