"","p.agree","efficacy","conditional","idx"
"1",0.984126984126984,0.0952380952380952,0.857142857142857,282
