"","p.agree","efficacy","conditional","idx"
"1",0.984126984126984,0.238095238095238,0.9375,283
