"","p.agree","efficacy","conditional","idx"
"1",0.936507936507937,0.317460317460317,0.833333333333333,284
