"","p.agree","efficacy","conditional","idx"
"1",0.984126984126984,0.650793650793651,0.976190476190476,285
