"","p.agree","efficacy","conditional","idx"
"1",0.984126984126984,0.507936507936508,0.96969696969697,294
