"","p.agree","efficacy","conditional","idx"
"1",0.936507936507937,0.428571428571429,0.870967741935484,299
