"","p.agree","efficacy","conditional","idx"
"1",0.968253968253968,0.0158730158730159,0.333333333333333,2
