"","p.agree","efficacy","conditional","idx"
"1",0.920634920634921,0.666666666666667,0.893617021276596,300
