"","p.agree","efficacy","conditional","idx"
"1",0.968253968253968,0.19047619047619,0.857142857142857,303
