"","p.agree","efficacy","conditional","idx"
"1",0.968253968253968,0.333333333333333,0.91304347826087,304
