"","p.agree","efficacy","conditional","idx"
"1",0.904761904761905,0.396825396825397,0.806451612903226,309
