"","p.agree","efficacy","conditional","idx"
"1",0.968253968253968,0.0317460317460317,0.5,312
