"","p.agree","efficacy","conditional","idx"
"1",0.952380952380952,0.111111111111111,0.7,313
