"","p.agree","efficacy","conditional","idx"
"1",0.968253968253968,0.349206349206349,0.916666666666667,314
