"","p.agree","efficacy","conditional","idx"
"1",0.952380952380952,0.571428571428571,0.923076923076923,315
