"","p.agree","efficacy","conditional","idx"
"1",0.984126984126984,0.222222222222222,0.933333333333333,318
