"","p.agree","efficacy","conditional","idx"
"1",0.904761904761905,0.380952380952381,0.8,319
