"","p.agree","efficacy","conditional","idx"
"1",0.952380952380952,0.650793650793651,0.931818181818182,320
