"","p.agree","efficacy","conditional","idx"
"1",0.984126984126984,0.0793650793650794,0.833333333333333,322
