"","p.agree","efficacy","conditional","idx"
"1",0.936507936507937,0.111111111111111,0.636363636363636,323
