"","p.agree","efficacy","conditional","idx"
"1",0.984126984126984,0.428571428571429,0.964285714285714,324
