"","p.agree","efficacy","conditional","idx"
"1",0.984126984126984,0.73015873015873,0.978723404255319,325
