"","p.agree","efficacy","conditional","idx"
"1",0.984126984126984,0.126984126984127,0.888888888888889,328
