"","p.agree","efficacy","conditional","idx"
"1",0.984126984126984,0.380952380952381,0.96,329
