"","p.agree","efficacy","conditional","idx"
"1",0.984126984126984,0.365079365079365,0.958333333333333,334
