"","p.agree","efficacy","conditional","idx"
"1",0.936507936507937,0.682539682539683,0.914893617021277,335
