"","p.agree","efficacy","conditional","idx"
"1",0.952380952380952,0.317460317460317,0.869565217391304,339
