"","p.agree","efficacy","conditional","idx"
"1",0.920634920634921,0.587301587301587,0.880952380952381,340
