"","p.agree","efficacy","conditional","idx"
"1",0.968253968253968,0.746031746031746,0.959183673469388,345
