"","p.agree","efficacy","conditional","idx"
"1",0.952380952380952,0.412698412698413,0.896551724137931,34
