"","p.agree","efficacy","conditional","idx"
"1",0.920634920634921,0.555555555555556,0.875,35
