"","p.agree","efficacy","conditional","idx"
"1",0.952380952380952,0.238095238095238,0.833333333333333,39
