"","p.agree","efficacy","conditional","idx"
"1",0.952380952380952,0.253968253968254,0.842105263157895,3
