"","p.agree","efficacy","conditional","idx"
"1",0.984126984126984,0.396825396825397,0.961538461538462,44
