"","p.agree","efficacy","conditional","idx"
"1",0.873015873015873,0.603174603174603,0.826086956521739,45
