"","p.agree","efficacy","conditional","idx"
"1",0.952380952380952,0.492063492063492,0.911764705882353,49
