"","p.agree","efficacy","conditional","idx"
"1",0.952380952380952,0.682539682539683,0.934782608695652,50
