"","p.agree","efficacy","conditional","idx"
"1",0.968253968253968,0.428571428571429,0.931034482758621,54
