"","p.agree","efficacy","conditional","idx"
"1",0.936507936507937,0.603174603174603,0.904761904761905,55
