"","p.agree","efficacy","conditional","idx"
"1",0.968253968253968,0.111111111111111,0.777777777777778,58
