"","p.agree","efficacy","conditional","idx"
"1",0.968253968253968,0.507936507936508,0.941176470588235,59
