"","p.agree","efficacy","conditional","idx"
"1",0.968253968253968,0.650793650793651,0.953488372093023,60
