"","p.agree","efficacy","conditional","idx"
"1",0.952380952380952,0.26984126984127,0.85,63
