"","p.agree","efficacy","conditional","idx"
"1",0.968253968253968,0.777777777777778,0.96078431372549,65
