"","p.agree","efficacy","conditional","idx"
"1",0.952380952380952,0.365079365079365,0.884615384615385,69
