"","p.agree","efficacy","conditional","idx"
"1",0.920634920634921,0.571428571428571,0.878048780487805,70
