"","p.agree","efficacy","conditional","idx"
"1",0.968253968253968,0.0634920634920635,0.666666666666667,72
