"","p.agree","efficacy","conditional","idx"
"1",0.936507936507937,0.761904761904762,0.923076923076923,75
