"","p.agree","efficacy","conditional","idx"
"1",0.968253968253968,0.206349206349206,0.866666666666667,78
