"","p.agree","efficacy","conditional","idx"
"1",0.952380952380952,0.73015873015873,0.938775510204082,80
