"","p.agree","efficacy","conditional","idx"
"1",0.984126984126984,0.206349206349206,0.928571428571429,83
