"","p.agree","efficacy","conditional","idx"
"1",0.920634920634921,0.428571428571429,0.84375,84
