"","p.agree","efficacy","conditional","idx"
"1",0.984126984126984,0.634920634920635,0.975609756097561,85
