"","p.agree","efficacy","conditional","idx"
"1",0.920634920634921,0.238095238095238,0.75,8
