"","p.agree","efficacy","conditional","idx"
"1",0.968253968253968,0.619047619047619,0.951219512195122,95
