"","eff.mon.initial","eff.mon.final","fut.mon.initial","fut.mon.final","ss.initial","ss.final","mle.initial.IP","mle.final.IP","mle.initial.PC","mle.final.PC","post.mean.initial.IP","post.mean.final.IP","post.mean.initial.PC","post.mean.final.PC","cov.initial","cov.final","eff.mix.prob","idx"
"1",0.476190476190476,0.428571428571429,0,0,94.5079365079365,95.7777777777778,0.571969263493958,0.57225015066792,0.381842803986755,0.382482450426881,0.421636500453054,0.421886189050329,0.115468851921984,0.115986911710114,0.0952380952380952,0.0952380952380952,0.589600707685189,109
