"","eff.mon.initial","eff.mon.final","fut.mon.initial","fut.mon.final","ss.initial","ss.final","mle.initial.IP","mle.final.IP","mle.initial.PC","mle.final.PC","post.mean.initial.IP","post.mean.final.IP","post.mean.initial.PC","post.mean.final.PC","cov.initial","cov.final","eff.mix.prob","idx"
"1",0.507936507936508,0.444444444444444,0,0,92.4444444444444,93.8571428571429,0.583135742973644,0.583091094949957,0.377414152469726,0.380881067162999,0.424523135622005,0.425720611899997,0.12000790169618,0.119800566071583,0.0952380952380952,0.0952380952380952,0.610486992382231,114
