"","eff.mon.initial","eff.mon.final","fut.mon.initial","fut.mon.final","ss.initial","ss.final","mle.initial.IP","mle.final.IP","mle.initial.PC","mle.final.PC","post.mean.initial.IP","post.mean.final.IP","post.mean.initial.PC","post.mean.final.PC","cov.initial","cov.final","eff.mix.prob","idx"
"1",0.444444444444444,0.396825396825397,0,0,93.6825396825397,94.9365079365079,0.574834052728316,0.573740704195854,0.40284734123595,0.404580983308374,0.436259057108636,0.43615648817284,0.107545613089015,0.107288793974844,0.0952380952380952,0.0793650793650794,0.643347810832796,144
