"","eff.mon.initial","eff.mon.final","fut.mon.initial","fut.mon.final","ss.initial","ss.final","mle.initial.IP","mle.final.IP","mle.initial.PC","mle.final.PC","post.mean.initial.IP","post.mean.final.IP","post.mean.initial.PC","post.mean.final.PC","cov.initial","cov.final","eff.mix.prob","idx"
"1",0.0634920634920635,0.0634920634920635,0,0,99.4920634920635,99.6666666666667,0.449954685815273,0.450097892666959,0.361016070955554,0.36115707544279,0.37533917934438,0.375412195746096,0.0695397681971367,0.0696305400553548,0.761904761904762,0.761904761904762,0.74562454956712,232
