"","eff.mon.initial","eff.mon.final","fut.mon.initial","fut.mon.final","ss.initial","ss.final","mle.initial.IP","mle.final.IP","mle.initial.PC","mle.final.PC","post.mean.initial.IP","post.mean.final.IP","post.mean.initial.PC","post.mean.final.PC","cov.initial","cov.final","eff.mix.prob","idx"
"1",0.0793650793650794,0.0634920634920635,0,0,98.9523809523809,99.1904761904762,0.506050037659233,0.505493932340435,0.404940371210212,0.405177957068713,0.416363545371812,0.416203748225161,0.0783493643533579,0.0781515699806286,0.412698412698413,0.412698412698413,0.718979291172503,233
