"","eff.mon.initial","eff.mon.final","fut.mon.initial","fut.mon.final","ss.initial","ss.final","mle.initial.IP","mle.final.IP","mle.initial.PC","mle.final.PC","post.mean.initial.IP","post.mean.final.IP","post.mean.initial.PC","post.mean.final.PC","cov.initial","cov.final","eff.mix.prob","idx"
"1",0.0158730158730159,0.0158730158730159,0,0,99.8412698412698,99.8888888888889,0.394190030205356,0.394190030205356,0.391975308641975,0.391941391941392,0.377833428071814,0.377776384767505,0.0325714828513835,0.0326073250377288,0.952380952380952,0.952380952380952,0.922358233294405,236
