"","eff.mon.initial","eff.mon.final","fut.mon.initial","fut.mon.final","ss.initial","ss.final","mle.initial.IP","mle.final.IP","mle.initial.PC","mle.final.PC","post.mean.initial.IP","post.mean.final.IP","post.mean.initial.PC","post.mean.final.PC","cov.initial","cov.final","eff.mix.prob","idx"
"1",0.0952380952380952,0.0476190476190476,0,0,99.1111111111111,99.3809523809524,0.457674786516944,0.456196680792036,0.378147701813574,0.3781993139136,0.387609363057444,0.387213049756538,0.0660805733761931,0.0655918785506002,0.793650793650794,0.793650793650794,0.79095343494593,262
