"","eff.mon.initial","eff.mon.final","fut.mon.initial","fut.mon.final","ss.initial","ss.final","mle.initial.IP","mle.final.IP","mle.initial.PC","mle.final.PC","post.mean.initial.IP","post.mean.final.IP","post.mean.initial.PC","post.mean.final.PC","cov.initial","cov.final","eff.mix.prob","idx"
"1",0.0158730158730159,0.0158730158730159,0,0,100,100,0.39272030651341,0.39272030651341,0.389266817838246,0.389266817838246,0.376150929256655,0.376150929256655,0.0323984069574505,0.0323984069574505,0.984126984126984,0.984126984126984,0.936458597043411,31
