"","eff.mon.initial","eff.mon.final","fut.mon.initial","fut.mon.final","ss.initial","ss.final","mle.initial.IP","mle.final.IP","mle.initial.PC","mle.final.PC","post.mean.initial.IP","post.mean.final.IP","post.mean.initial.PC","post.mean.final.PC","cov.initial","cov.final","eff.mix.prob","idx"
"1",0.444444444444444,0.428571428571429,0,0,93.8412698412698,95.015873015873,0.585357064799621,0.584940595067103,0.400789146014682,0.398944129694071,0.437767787125136,0.43617930844519,0.113249614931598,0.114253615837194,0.111111111111111,0.0793650793650794,0.621385087276318,324
