"","eff.mon.initial","eff.mon.final","fut.mon.initial","fut.mon.final","ss.initial","ss.final","mle.initial.IP","mle.final.IP","mle.initial.PC","mle.final.PC","post.mean.initial.IP","post.mean.final.IP","post.mean.initial.PC","post.mean.final.PC","cov.initial","cov.final","eff.mix.prob","idx"
"1",0.0317460317460317,0.0317460317460317,0,0,99.6825396825397,99.7777777777778,0.44978769633942,0.449257565095004,0.390042566734296,0.39008436395196,0.391878384161595,0.391712215895061,0.0586760626461059,0.0585197390599834,0.825396825396825,0.825396825396825,0.800117083163439,62
