"","eff.mon.initial","eff.mon.final","fut.mon.initial","fut.mon.final","ss.initial","ss.final","mle.initial.IP","mle.final.IP","mle.initial.PC","mle.final.PC","post.mean.initial.IP","post.mean.final.IP","post.mean.initial.PC","post.mean.final.PC","cov.initial","cov.final","eff.mix.prob","idx"
"1",0.206349206349206,0.142857142857143,0,0,98.8253968253968,99.2698412698413,0.522054130941431,0.521129969042855,0.392357501852275,0.393322284666499,0.41301534477136,0.413146553497808,0.0908646436175218,0.0903258867247731,0.444444444444444,0.412698412698413,0.658716054519173,98
